Actual,Predicted
1900,1570.61593678832
6521,5390.51922305086
450,371.9879850288126
1000,826.6399667306947
1600,1322.6239467691116
400,330.6559866922779
1291,1067.192197049327
600,495.98398003841686
2700,2231.9279101728757
310,256.2583896865154
450,371.9879850288126
1125,929.9699625720316
1100,909.3039634037642
2852,2357.5771851159416
5564,4599.424774889586
5211,4307.620866633651
1700,1405.2879434421811
1800,1487.9519401152504
2700,2231.9279101728757
555,458.78518153553557
5041,4167.0920722894325
2000,1653.2799334613894
700,578.6479767114863
1000,826.6399667306947
350,289.32398835574315
1100,909.3039634037642
680,562.1151773768725
5211,4307.620866633651
2250,1859.9399251440632
1200,991.9679600768337
900,743.9759700576252
900,743.9759700576252
5211,4307.620866633651
210,173.59439301344588
3200,2645.2478935382233
1700,1405.2879434421811
900,743.9759700576252
480,396.78718403073344
650,537.3159783749516
450,371.9879850288126
540,446.3855820345752
1350,1115.9639550864379
7412,6127.05543340791
1250,1033.2999584133684
450,371.9879850288126
900,743.9759700576252
630,520.7831790403377
500,413.31998336534735
1600,1322.6239467691116
2852,2357.5771851159416
1000,826.6399667306947
5562,4597.771494956124
600,495.98398003841686
2000,1653.2799334613894
150,123.99599500960421
1600,1322.6239467691116
600,495.98398003841686
600,495.98398003841686
1600,1322.6239467691116
1300,1074.631956749903
5000,4133.199833653473
2799,2313.765266879215
1500,1239.9599500960421
2852,2357.5771851159416
2000,1653.2799334613894
500,413.31998336534735
700,578.6479767114863
830,686.1111723864766
700,578.6479767114863
480,396.78718403073344
500,413.31998336534735
450,371.9879850288126
910,752.2423697249322
2000,1653.2799334613894
500,413.31998336534735
1000,826.6399667306947
2520,2083.132716161351
1350,1115.9639550864379
1800,1487.9519401152504
250,206.65999168267368
5211,4307.620866633651
5562,4597.771494956124
2351,1943.4305617838634
1800,1487.9519401152504
2500,2066.5999168267367
1900,1570.61593678832
700,578.6479767114863
700,578.6479767114863
750,619.9799750480211
850,702.6439717210906
2351,1943.4305617838634
650,537.3159783749516
650,537.3159783749516
400,330.6559866922779
1350,1115.9639550864379
6521,5390.51922305086
1800,1487.9519401152504
1200,991.9679600768337
4521,3737.239289589471
756,624.9398148484053
3000,2479.9199001920842
3150,2603.9158952016883
350,289.32398835574315
1150,950.635961740299
630,520.7831790403377
3011,2489.012939826122
1800,1487.9519401152504
450,371.9879850288126
1800,1487.9519401152504
810,669.5783730518627
2307,1907.0584032477127
450,371.9879850288126
1500,1239.9599500960421
1000,826.6399667306947
4000,3306.559866922779
1000,826.6399667306947
1000,826.6399667306947
300,247.99199001920843
1100,909.3039634037642
1200,991.9679600768337
5562,4597.771494956124
2700,2231.9279101728757
2741,2265.8201488088343
2500,2066.5999168267367
450,371.9879850288126
415,343.0555861932383
400,330.6559866922779
750,619.9799750480211
3011,2489.012939826122
1350,1115.9639550864379
6521,5390.51922305086
500,413.31998336534735
510,421.58638303265434
2200,1818.6079268075284
360,297.5903880230501
2700,2231.9279101728757
580,479.45118070380295
400,330.6559866922779
1800,1487.9519401152504
1300,1074.631956749903
2250,1859.9399251440632
1800,1487.9519401152504
950,785.30796839416
200,165.32799334613895
650,537.3159783749516
500,413.31998336534735
5621,4646.543252993235
5211,4307.620866633651
1300,1074.631956749903
650,537.3159783749516
510,421.58638303265434
1730,1430.0871424441018
960,793.5743680614669
2800,2314.5919068459452
6521,5390.51922305086
500,413.31998336534735
4500,3719.8798502881264
5211,4307.620866633651
225,185.9939925144063
6251,5167.326432033573
2852,2357.5771851159416
2200,1818.6079268075284
1590,1314.3575471018046
2500,2066.5999168267367
1500,1239.9599500960421
2950,2438.5879018555493
180,148.79519401152504
600,495.98398003841686
2200,1818.6079268075284
1550,1281.2919484325769
1125,929.9699625720316
5231,4324.153665968264
500,413.31998336534735
2852,2357.5771851159416
5400,4463.855820345751
6251,5167.326432033573
1500,1239.9599500960421
560,462.91838136918904
2200,1818.6079268075284
2852,2357.5771851159416
5562,4597.771494956124
1500,1239.9599500960421
5211,4307.620866633651
900,743.9759700576252
720,595.1807760461002
450,371.9879850288126
1900,1570.61593678832
5562,4597.771494956124
2200,1818.6079268075284
1500,1239.9599500960421
300,247.99199001920843
2856,2360.8837449828643
1000,826.6399667306947
1800,1487.9519401152504
3500,2893.2398835574318
1700,1405.2879434421811
2600,2149.263913499806
2700,2231.9279101728757
1050,867.9719650672295
500,413.31998336534735
1100,909.3039634037642
2500,2066.5999168267367
200,165.32799334613895
720,595.1807760461002
2200,1818.6079268075284
6251,5167.326432033573
4521,3737.239289589471
1800,1487.9519401152504
680,562.1151773768725
600,495.98398003841686
1395,1153.1627535893192
1100,909.3039634037642
1800,1487.9519401152504
900,743.9759700576252
650,537.3159783749516
610,504.2503797057238
516,426.5462228330385
1900,1570.61593678832
1100,909.3039634037642
5562,4597.771494956124
950,785.30796839416
900,743.9759700576252
650,537.3159783749516
350,289.32398835574315
1200,991.9679600768337
700,578.6479767114863
500,413.31998336534735
750,619.9799750480211
1800,1487.9519401152504
2852,2357.5771851159416
500,413.31998336534735
850,702.6439717210906
990,818.3735670633878
850,702.6439717210906
1600,1322.6239467691116
750,619.9799750480211
800,661.3119733845558
5216,4311.754066467303
2511,2075.6929564607744
1700,1405.2879434421811
1800,1487.9519401152504
1900,1570.61593678832
2312,1911.191603081366
651,538.1426183416822
450,371.9879850288126
1200,991.9679600768337
507,419.10646313246224
2852,2357.5771851159416
600,495.98398003841686
6251,5167.326432033573
6251,5167.326432033573
2500,2066.5999168267367
2200,1818.6079268075284
500,413.31998336534735
421,348.0154259936225
5521,4563.879256320166
1200,991.9679600768337
350,289.32398835574315
700,578.6479767114863
250,206.65999168267368
445,367.85478519515914
5211,4307.620866633651
2400,1983.9359201536674
900,743.9759700576252
1000,826.6399667306947
500,413.31998336534735
250,206.65999168267368
1100,909.3039634037642
1100,909.3039634037642
1800,1487.9519401152504
500,413.31998336534735
1800,1487.9519401152504
750,619.9799750480211
350,289.32398835574315
1230,1016.7671590787545
1900,1570.61593678832
1500,1239.9599500960421
900,743.9759700576252
565,467.0515812028425
2250,1859.9399251440632
1200,991.9679600768337
2300,1901.271923480598
1450,1198.6279517595074
900,743.9759700576252
1700,1405.2879434421811
2700,2231.9279101728757
1800,1487.9519401152504
1200,991.9679600768337
2000,1653.2799334613894
550,454.6519817018821
1450,1198.6279517595074
7044,5822.8519256510135
1050,867.9719650672295
250,206.65999168267368
500,413.31998336534735
6251,5167.326432033573
550,454.6519817018821
400,330.6559866922779
2352,1944.257201750594
1500,1239.9599500960421
2500,2066.5999168267367
1675,1384.6219442739136
1800,1487.9519401152504
5621,4646.543252993235
750,619.9799750480211
5211,4307.620866633651
150,123.99599500960421
5211,4307.620866633651
3200,2645.2478935382233
1800,1487.9519401152504
400,330.6559866922779
1500,1239.9599500960421
415,343.0555861932383
257,212.44647144978853
750,619.9799750480211
8521,7043.79915651225
5562,4597.771494956124
870,719.1767710557044
2250,1859.9399251440632
1850,1529.2839384517852
2600,2149.263913499806
345,285.1907885220897
1100,909.3039634037642
2700,2231.9279101728757
2250,1859.9399251440632
5211,4307.620866633651
2200,1818.6079268075284
580,479.45118070380295
350,289.32398835574315
650,537.3159783749516
1500,1239.9599500960421
400,330.6559866922779
5621,4646.543252993235
3600,2975.903880230501
950,785.30796839416
150,123.99599500960421
620,512.5167793730308
1752,1448.2732217121772
450,371.9879850288126
1700,1405.2879434421811
900,743.9759700576252
900,743.9759700576252
2852,2357.5771851159416
467,386.0408644632344
600,495.98398003841686
1000,826.6399667306947
2500,2066.5999168267367
620,512.5167793730308
250,206.65999168267368
5211,4307.620866633651
4500,3719.8798502881264
600,495.98398003841686
2250,1859.9399251440632
700,578.6479767114863
450,371.9879850288126
750,619.9799750480211
3621,2993.263319531846
5122,4234.049909594619
1000,826.6399667306947
7200,5951.807760461002
350,289.32398835574315
2000,1653.2799334613894
1000,826.6399667306947
1000,826.6399667306947
1100,909.3039634037642
1750,1446.6199417787159
900,743.9759700576252
3000,2479.9199001920842
3150,2603.9158952016883
1100,909.3039634037642
600,495.98398003841686
2200,1818.6079268075284
800,661.3119733845558
516,426.5462228330385
1700,1405.2879434421811
600,495.98398003841686
1800,1487.9519401152504
450,371.9879850288126
1300,1074.631956749903
930,768.7751690595461
1200,991.9679600768337
1000,826.6399667306947
5621,4646.543252993235
1800,1487.9519401152504
400,330.6559866922779
2000,1653.2799334613894
2200,1818.6079268075284
450,371.9879850288126
5562,4597.771494956124
3600,2975.903880230501
1000,826.6399667306947
900,743.9759700576252
300,247.99199001920843
700,578.6479767114863
4562,3771.1315282254295
600,495.98398003841686
900,743.9759700576252
6521,5390.51922305086
550,454.6519817018821
2852,2357.5771851159416
450,371.9879850288126
1200,991.9679600768337
1700,1405.2879434421811
2232,1845.0604057429107
1800,1487.9519401152504
1200,991.9679600768337
1000,826.6399667306947
1125,929.9699625720316
450,371.9879850288126
5562,4597.771494956124
1600,1322.6239467691116
2352,1944.257201750594
1000,826.6399667306947
2000,1653.2799334613894
5562,4597.771494956124
2300,1901.271923480598
700,578.6479767114863
1200,991.9679600768337
900,743.9759700576252
1500,1239.9599500960421
2700,2231.9279101728757
950,785.30796839416
300,247.99199001920843
1500,1239.9599500960421
2500,2066.5999168267367
1600,1322.6239467691116
1900,1570.61593678832
700,578.6479767114863
2852,2357.5771851159416
1184,978.7417206091426
3600,2975.903880230501
550,454.6519817018821
1300,1074.631956749903
1000,826.6399667306947
1100,909.3039634037642
5211,4307.620866633651
1800,1487.9519401152504
5211,4307.620866633651
5211,4307.620866633651
450,371.9879850288126
850,702.6439717210906
400,330.6559866922779
4500,3719.8798502881264
1500,1239.9599500960421
10000,8266.399667306947
1000,826.6399667306947
5521,4563.879256320166
1000,826.6399667306947
504,416.62654323227014
891,736.536210357049
1200,991.9679600768337
5562,4597.771494956124
2100,1735.943930134459
450,371.9879850288126
1800,1487.9519401152504
5211,4307.620866633651
2400,1983.9359201536674
451,372.81462499554334
1100,909.3039634037642
800,661.3119733845558
550,454.6519817018821
2200,1818.6079268075284
1600,1322.6239467691116
2700,2231.9279101728757
6521,5390.51922305086
1200,991.9679600768337
400,330.6559866922779
2852,2357.5771851159416
900,743.9759700576252
550,454.6519817018821
625,516.6499792066842
3600,2975.903880230501
2700,2231.9279101728757
9000,7439.759700576253
750,619.9799750480211
300,247.99199001920843
1100,909.3039634037642
850,702.6439717210906
6523,5392.172502984322
445,367.85478519515914
1000,826.6399667306947
400,330.6559866922779
1800,1487.9519401152504
1110,917.5703630710711
500,413.31998336534735
2700,2231.9279101728757
600,495.98398003841686
950,785.30796839416
750,619.9799750480211
720,595.1807760461002
5211,4307.620866633651
5211,4307.620866633651
6321,5225.191229704721
900,743.9759700576252
1600,1322.6239467691116
500,413.31998336534735
900,743.9759700576252
675,557.9819775432189
5412,4473.77549994652
5562,4597.771494956124
1100,909.3039634037642
450,371.9879850288126
1800,1487.9519401152504
600,495.98398003841686
4500,3719.8798502881264
2700,2231.9279101728757
900,743.9759700576252
550,454.6519817018821
600,495.98398003841686
1750,1446.6199417787159
2000,1653.2799334613894
600,495.98398003841686
5562,4597.771494956124
2000,1653.2799334613894
1500,1239.9599500960421
450,371.9879850288126
3000,2479.9199001920842
900,743.9759700576252
560,462.91838136918904
5321,4398.551262974027
5521,4563.879256320166
450,371.9879850288126
796,658.005413517633
850,702.6439717210906
2300,1901.271923480598
250,206.65999168267368
5562,4597.771494956124
2500,2066.5999168267367
756,624.9398148484053
5020,4149.732632988088
2520,2083.132716161351
150,123.99599500960421
1800,1487.9519401152504
2000,1653.2799334613894
1100,909.3039634037642
750,619.9799750480211
550,454.6519817018821
1500,1239.9599500960421
800,661.3119733845558
1800,1487.9519401152504
600,495.98398003841686
1100,909.3039634037642
500,413.31998336534735
2500,2066.5999168267367
750,619.9799750480211
420,347.18878602689176
280,231.45919068459452
1050,867.9719650672295
2811,2323.684946479983
2000,1653.2799334613894
450,371.9879850288126
1300,1074.631956749903
200,165.32799334613895
5562,4597.771494956124
800,661.3119733845558
2856,2360.8837449828643
900,743.9759700576252
8521,7043.79915651225
150,123.99599500960421
500,413.31998336534735
5562,4597.771494956124
1000,826.6399667306947
610,504.2503797057238
450,371.9879850288126
500,413.31998336534735
650,537.3159783749516
680,562.1151773768725
5211,4307.620866633651
900,743.9759700576252
1800,1487.9519401152504
2852,2357.5771851159416
1700,1405.2879434421811
450,371.9879850288126
450,371.9879850288126
5562,4597.771494956124
5621,4646.543252993235
900,743.9759700576252
5521,4563.879256320166
900,743.9759700576252
2100,1735.943930134459
1800,1487.9519401152504
1200,991.9679600768337
1400,1157.2959534229726
1150,950.635961740299
750,619.9799750480211
400,330.6559866922779
7000,5786.4797671148635
1500,1239.9599500960421
2000,1653.2799334613894
1000,826.6399667306947
605,500.1171798720703
800,661.3119733845558
4000,3306.559866922779
5562,4597.771494956124
900,743.9759700576252
300,247.99199001920843
8521,7043.79915651225
5562,4597.771494956124
1800,1487.9519401152504
1683,1391.2350640077593
750,619.9799750480211
650,537.3159783749516
1600,1322.6239467691116
300,247.99199001920843
525,433.98598253361473
250,206.65999168267368
5562,4597.771494956124
550,454.6519817018821
1000,826.6399667306947
5562,4597.771494956124
1200,991.9679600768337
1125,929.9699625720316
900,743.9759700576252
2200,1818.6079268075284
2200,1818.6079268075284
3000,2479.9199001920842
2852,2357.5771851159416
1300,1074.631956749903
5621,4646.543252993235
2750,2273.2599085094107
840,694.3775720537835
1100,909.3039634037642
6251,5167.326432033573
3600,2975.903880230501
1300,1074.631956749903
850,702.6439717210906
2856,2360.8837449828643
2000,1653.2799334613894
2200,1818.6079268075284
650,537.3159783749516
1700,1405.2879434421811
1600,1322.6239467691116
1000,826.6399667306947
2100,1735.943930134459
700,578.6479767114863
5521,4563.879256320166
550,454.6519817018821
400,330.6559866922779
1980,1636.7471341267756
3500,2893.2398835574318
6852,5664.13705203872
450,371.9879850288126
2511,2075.6929564607744
700,578.6479767114863
1400,1157.2959534229726
1900,1570.61593678832
2500,2066.5999168267367
550,454.6519817018821
2500,2066.5999168267367
5562,4597.771494956124
356,294.2838281561273
1700,1405.2879434421811
1800,1487.9519401152504
550,454.6519817018821
2140,1769.0095288036866
400,330.6559866922779
1500,1239.9599500960421
2300,1901.271923480598
950,785.30796839416
2000,1653.2799334613894
550,454.6519817018821
2500,2066.5999168267367
490,405.0535836980404
1350,1115.9639550864379
900,743.9759700576252
2541,2100.4921554626953
600,495.98398003841686
900,743.9759700576252
2700,2231.9279101728757
2200,1818.6079268075284
850,702.6439717210906
500,413.31998336534735
7251,5993.966398764267
5211,4307.620866633651
2020,1669.8127327960033
900,743.9759700576252
2011,1662.3729730954271
1200,991.9679600768337
1200,991.9679600768337
5841,4828.404045673988
1150,950.635961740299
5862,4845.763484975332
2475,2045.9339176584695
5562,4597.771494956124
1000,826.6399667306947
300,247.99199001920843
1350,1115.9639550864379
500,413.31998336534735
2800,2314.5919068459452
3000,2479.9199001920842
550,454.6519817018821
600,495.98398003841686
1800,1487.9519401152504
200,165.32799334613895
750,619.9799750480211
1750,1446.6199417787159
500,413.31998336534735
575,475.3179808701495
510,421.58638303265434
1000,826.6399667306947
720,595.1807760461002
1100,909.3039634037642
620,512.5167793730308
1800,1487.9519401152504
1300,1074.631956749903
1000,826.6399667306947
2700,2231.9279101728757
2800,2314.5919068459452
1700,1405.2879434421811
400,330.6559866922779
600,495.98398003841686
1100,909.3039634037642
1800,1487.9519401152504
2350,1942.6039218171327
5211,4307.620866633651
3011,2489.012939826122
900,743.9759700576252
8521,7043.79915651225
900,743.9759700576252
550,454.6519817018821
1500,1239.9599500960421
550,454.6519817018821
1600,1322.6239467691116
1700,1405.2879434421811
2852,2357.5771851159416
2500,2066.5999168267367
1300,1074.631956749903
1000,826.6399667306947
1650,1363.9559451056464
2200,1818.6079268075284
5211,4307.620866633651
600,495.98398003841686
500,413.31998336534735
1400,1157.2959534229726
2000,1653.2799334613894
2000,1653.2799334613894
550,454.6519817018821
2100,1735.943930134459
5562,4597.771494956124
2700,2231.9279101728757
5211,4307.620866633651
550,454.6519817018821
500,413.31998336534735
550,454.6519817018821
2852,2357.5771851159416
2250,1859.9399251440632
800,661.3119733845558
1200,991.9679600768337
900,743.9759700576252
1400,1157.2959534229726
1300,1074.631956749903
5562,4597.771494956124
650,537.3159783749516
1650,1363.9559451056464
2852,2357.5771851159416
1300,1074.631956749903
800,661.3119733845558
1200,991.9679600768337
8521,7043.79915651225
1200,991.9679600768337
675,557.9819775432189
1625,1343.289945937379
300,247.99199001920843
2000,1653.2799334613894
700,578.6479767114863
8521,7043.79915651225
150,123.99599500960421
1600,1322.6239467691116
6251,5167.326432033573
1800,1487.9519401152504
5526,4568.012456153819
450,371.9879850288126
5621,4646.543252993235
2100,1735.943930134459
600,495.98398003841686
450,371.9879850288126
1750,1446.6199417787159
3251,2687.4065318414887
6521,5390.51922305086
280,231.45919068459452
910,752.2423697249322
6521,5390.51922305086
1000,826.6399667306947
1700,1405.2879434421811
1700,1405.2879434421811
6541,5407.052022385475
1800,1487.9519401152504
4000,3306.559866922779
3600,2975.903880230501
1100,909.3039634037642
5562,4597.771494956124
1800,1487.9519401152504
600,495.98398003841686
950,785.30796839416
9011,7448.85274021029
900,743.9759700576252
1500,1239.9599500960421
800,661.3119733845558
1500,1239.9599500960421
10120,8365.59646331463
500,413.31998336534735
2200,1818.6079268075284
5562,4597.771494956124
6521,5390.51922305086
550,454.6519817018821
150,123.99599500960421
5532,4572.972295954203
2522,2084.785996094812
1500,1239.9599500960421
1700,1405.2879434421811
850,702.6439717210906
1650,1363.9559451056464
580,479.45118070380295
1000,826.6399667306947
350,289.32398835574315
3600,2975.903880230501
450,371.9879850288126
1850,1529.2839384517852
2856,2360.8837449828643
450,371.9879850288126
900,743.9759700576252
2852,2357.5771851159416
5562,4597.771494956124
1000,826.6399667306947
1350,1115.9639550864379
650,537.3159783749516
2200,1818.6079268075284
1950,1611.9479351248547
2350,1942.6039218171327
900,743.9759700576252
1350,1115.9639550864379
10000,8266.399667306947
1350,1115.9639550864379
620,512.5167793730308
1250,1033.2999584133684
1300,1074.631956749903
500,413.31998336534735
491,405.8802236647711
1500,1239.9599500960421
5562,4597.771494956124
1350,1115.9639550864379
2700,2231.9279101728757
1350,1115.9639550864379
900,743.9759700576252
1000,826.6399667306947
15461,12780.680525623271
900,743.9759700576252
800,661.3119733845558
4521,3737.239289589471
1953,1614.4278550250467
5621,4646.543252993235
1200,991.9679600768337
600,495.98398003841686
1700,1405.2879434421811
2741,2265.8201488088343
650,537.3159783749516
550,454.6519817018821
250,206.65999168267368
2250,1859.9399251440632
550,454.6519817018821
600,495.98398003841686
1600,1322.6239467691116
550,454.6519817018821
1000,826.6399667306947
1300,1074.631956749903
5449,4504.361178715556
1700,1405.2879434421811
900,743.9759700576252
5852,4837.497085308026
3000,2479.9199001920842
1800,1487.9519401152504
2200,1818.6079268075284
2541,2100.4921554626953
767,634.0328544824429
1650,1363.9559451056464
450,371.9879850288126
2250,1859.9399251440632
600,495.98398003841686
610,504.2503797057238
5412,4473.77549994652
1800,1487.9519401152504
600,495.98398003841686
1752,1448.2732217121772
6521,5390.51922305086
900,743.9759700576252
500,413.31998336534735
1000,826.6399667306947
1200,991.9679600768337
800,661.3119733845558
850,702.6439717210906
1100,909.3039634037642
1800,1487.9519401152504
2000,1653.2799334613894
650,537.3159783749516
750,619.9799750480211
400,330.6559866922779
510,421.58638303265434
1500,1239.9599500960421
2856,2360.8837449828643
5561,4596.944854989393
5562,4597.771494956124
1700,1405.2879434421811
5562,4597.771494956124
980,810.1071673960809
2250,1859.9399251440632
5211,4307.620866633651
2511,2075.6929564607744
1300,1074.631956749903
1852,1530.9372183852468
5562,4597.771494956124
2852,2357.5771851159416
1150,950.635961740299
600,495.98398003841686
1150,950.635961740299
6521,5390.51922305086
1800,1487.9519401152504
850,702.6439717210906
900,743.9759700576252
2700,2231.9279101728757
900,743.9759700576252
1800,1487.9519401152504
2311,1910.3649631146354
5562,4597.771494956124
1800,1487.9519401152504
1600,1322.6239467691116
1000,826.6399667306947
550,454.6519817018821
1850,1529.2839384517852
450,371.9879850288126
450,371.9879850288126
900,743.9759700576252
900,743.9759700576252
2000,1653.2799334613894
2856,2360.8837449828643
961,794.4010080281977
1500,1239.9599500960421
2200,1818.6079268075284
5211,4307.620866633651
5211,4307.620866633651
2000,1653.2799334613894
1300,1074.631956749903
2851,2356.7505451492107
2200,1818.6079268075284
1500,1239.9599500960421
300,247.99199001920843
280,231.45919068459452
581,480.27782067053363
750,619.9799750480211
310,256.2583896865154
542,448.03886196803654
400,330.6559866922779
5562,4597.771494956124
450,371.9879850288126
15412,12740.175167253466
1250,1033.2999584133684
1800,1487.9519401152504
500,413.31998336534735
1000,826.6399667306947
6251,5167.326432033573
450,371.9879850288126
5562,4597.771494956124
891,736.536210357049
1125,929.9699625720316
581,480.27782067053363
2500,2066.5999168267367
680,562.1151773768725
540,446.3855820345752
750,619.9799750480211
1100,909.3039634037642
1400,1157.2959534229726
2852,2357.5771851159416
900,743.9759700576252
820,677.8447727191697
1000,826.6399667306947
2200,1818.6079268075284
4000,3306.559866922779
1050,867.9719650672295
1200,991.9679600768337
1800,1487.9519401152504
3500,2893.2398835574318
6251,5167.326432033573
900,743.9759700576252
350,289.32398835574315
4465,3690.947451452552
1350,1115.9639550864379
1800,1487.9519401152504
400,330.6559866922779
750,619.9799750480211
2000,1653.2799334613894
2700,2231.9279101728757
450,371.9879850288126
5211,4307.620866633651
540,446.3855820345752
600,495.98398003841686
1200,991.9679600768337
810,669.5783730518627
2000,1653.2799334613894
550,454.6519817018821
900,743.9759700576252
5211,4307.620866633651
900,743.9759700576252
550,454.6519817018821
5621,4646.543252993235
550,454.6519817018821
1000,826.6399667306947
6000,4959.8398003841685
450,371.9879850288126
2000,1653.2799334613894
445,367.85478519515914
11212,9268.28730698455
675,557.9819775432189
1000,826.6399667306947
550,454.6519817018821
2000,1653.2799334613894
600,495.98398003841686
750,619.9799750480211
1600,1322.6239467691116
600,495.98398003841686
368,304.20350775689565
2852,2357.5771851159416
1100,909.3039634037642
1800,1487.9519401152504
950,785.30796839416
3000,2479.9199001920842
2852,2357.5771851159416
5562,4597.771494956124
2000,1653.2799334613894
600,495.98398003841686
3150,2603.9158952016883
1000,826.6399667306947
700,578.6479767114863
960,793.5743680614669
2700,2231.9279101728757
2250,1859.9399251440632
5412,4473.77549994652
2856,2360.8837449828643
600,495.98398003841686
2826,2336.0845459809434
900,743.9759700576252
970,801.8407677287739
940,777.041568726853
1800,1487.9519401152504
1500,1239.9599500960421
344,284.364148555359
700,578.6479767114863
446,368.6814251618899
5562,4597.771494956124
950,785.30796839416
455,376.1211848624661
550,454.6519817018821
5211,4307.620866633651
2000,1653.2799334613894
865,715.0435712220509
2250,1859.9399251440632
550,454.6519817018821
550,454.6519817018821
1750,1446.6199417787159
4521,3737.239289589471
2000,1653.2799334613894
5852,4837.497085308026
2856,2360.8837449828643
1783,1473.8990606808286
560,462.91838136918904
1300,1074.631956749903
8652,7152.088992153971
1000,826.6399667306947
1700,1405.2879434421811
1100,909.3039634037642
6521,5390.51922305086
5222,4316.713906267688
6852,5664.13705203872
675,557.9819775432189
445,367.85478519515914
150,123.99599500960421
350,289.32398835574315
1800,1487.9519401152504
5523,4565.532536253627
5562,4597.771494956124
860,710.9103713883975
1800,1487.9519401152504
449,371.1613450620819
450,371.9879850288126
7412,6127.05543340791
5562,4597.771494956124
5562,4597.771494956124
1800,1487.9519401152504
500,413.31998336534735
6251,5167.326432033573
4462,3688.46753155236
2200,1818.6079268075284
600,495.98398003841686
550,454.6519817018821
700,578.6479767114863
450,371.9879850288126
2000,1653.2799334613894
516,426.5462228330385
1800,1487.9519401152504
1700,1405.2879434421811
1300,1074.631956749903
350,289.32398835574315
1600,1322.6239467691116
1125,929.9699625720316
1540,1273.0255487652698
5562,4597.771494956124
1700,1405.2879434421811
5562,4597.771494956124
4500,3719.8798502881264
5562,4597.771494956124
3621,2993.263319531846
2500,2066.5999168267367
1600,1322.6239467691116
1440,1190.3615520922003
1000,826.6399667306947
750,619.9799750480211
5211,4307.620866633651
1600,1322.6239467691116
680,562.1151773768725
4500,3719.8798502881264
1800,1487.9519401152504
250,206.65999168267368
2852,2357.5771851159416
449,371.1613450620819
1000,826.6399667306947
3211,2654.340933172261
1150,950.635961740299
410,338.92238635958483
1200,991.9679600768337
1000,826.6399667306947
500,413.31998336534735
1337,1105.2176355189388
1200,991.9679600768337
1800,1487.9519401152504
2000,1653.2799334613894
1300,1074.631956749903
800,661.3119733845558
550,454.6519817018821
1800,1487.9519401152504
1350,1115.9639550864379
1500,1239.9599500960421
5621,4646.543252993235
500,413.31998336534735
400,330.6559866922779
800,661.3119733845558
400,330.6559866922779
5562,4597.771494956124
450,371.9879850288126
990,818.3735670633878
2307,1907.0584032477127
650,537.3159783749516
2000,1653.2799334613894
450,371.9879850288126
950,785.30796839416
1200,991.9679600768337
957,791.0944481612748
900,743.9759700576252
4500,3719.8798502881264
1000,826.6399667306947
6251,5167.326432033573
1750,1446.6199417787159
1850,1529.2839384517852
850,702.6439717210906
5621,4646.543252993235
1800,1487.9519401152504
2200,1818.6079268075284
990,818.3735670633878
5562,4597.771494956124
2125,1756.6099293027264
1200,991.9679600768337
3000,2479.9199001920842
450,371.9879850288126
1900,1570.61593678832
1400,1157.2959534229726
216,178.55423281383005
900,743.9759700576252
2020,1669.8127327960033
1100,909.3039634037642
450,371.9879850288126
5621,4646.543252993235
350,289.32398835574315
5211,4307.620866633651
850,702.6439717210906
5562,4597.771494956124
5562,4597.771494956124
1600,1322.6239467691116
6300,5207.8317904033765
5562,4597.771494956124
720,595.1807760461002
700,578.6479767114863
900,743.9759700576252
3500,2893.2398835574318
450,371.9879850288126
280,231.45919068459452
300,247.99199001920843
600,495.98398003841686
650,537.3159783749516
1000,826.6399667306947
3010,2488.186299859391
800,661.3119733845558
700,578.6479767114863
500,413.31998336534735
1700,1405.2879434421811
5211,4307.620866633651
1800,1487.9519401152504
3600,2975.903880230501
3985,3294.1602674218184
2500,2066.5999168267367
2856,2360.8837449828643
5852,4837.497085308026
950,785.30796839416
2856,2360.8837449828643
1100,909.3039634037642
900,743.9759700576252
1800,1487.9519401152504
5211,4307.620866633651
1900,1570.61593678832
350,289.32398835574315
1850,1529.2839384517852
500,413.31998336534735
750,619.9799750480211
1400,1157.2959534229726
1440,1190.3615520922003
5562,4597.771494956124
1400,1157.2959534229726
800,661.3119733845558
1800,1487.9519401152504
2852,2357.5771851159416
600,495.98398003841686
1000,826.6399667306947
6251,5167.326432033573
1000,826.6399667306947
350,289.32398835574315
4500,3719.8798502881264
300,247.99199001920843
1800,1487.9519401152504
2500,2066.5999168267367
1520,1256.492749430656
6211,5134.260833364345
350,289.32398835574315
900,743.9759700576252
850,702.6439717210906
3000,2479.9199001920842
650,537.3159783749516
950,785.30796839416
200,165.32799334613895
300,247.99199001920843
7000,5786.4797671148635
1800,1487.9519401152504
6521,5390.51922305086
1050,867.9719650672295
1450,1198.6279517595074
550,454.6519817018821
2500,2066.5999168267367
1050,867.9719650672295
4500,3719.8798502881264
2388,1974.016240552899
2852,2357.5771851159416
5200,4298.527826999612
5562,4597.771494956124
2152,1778.929208404455
2852,2357.5771851159416
850,702.6439717210906
2745,2269.126708675757
1700,1405.2879434421811
1100,909.3039634037642
2000,1653.2799334613894
995,822.5067668970413
2854,2359.230465049403
1200,991.9679600768337
4521,3737.239289589471
7412,6127.05543340791
1800,1487.9519401152504
2852,2357.5771851159416
900,743.9759700576252
850,702.6439717210906
2852,2357.5771851159416
2852,2357.5771851159416
1800,1487.9519401152504
650,537.3159783749516
750,619.9799750480211
2200,1818.6079268075284
400,330.6559866922779
2000,1653.2799334613894
1240,1025.0335587460615
2150,1777.2759284709937
580,479.45118070380295
320,264.5247893538223
900,743.9759700576252
1600,1322.6239467691116
900,743.9759700576252
500,413.31998336534735
500,413.31998336534735
900,743.9759700576252
600,495.98398003841686
6251,5167.326432033573
1800,1487.9519401152504
5562,4597.771494956124
3525,2913.905882725699
5211,4307.620866633651
1350,1115.9639550864379
1800,1487.9519401152504
1500,1239.9599500960421
650,537.3159783749516
1500,1239.9599500960421
5211,4307.620866633651
5211,4307.620866633651
1800,1487.9519401152504
450,371.9879850288126
600,495.98398003841686
445,367.85478519515914
6541,5407.052022385475
1200,991.9679600768337
1800,1487.9519401152504
2852,2357.5771851159416
3000,2479.9199001920842
950,785.30796839416
650,537.3159783749516
2200,1818.6079268075284
980,810.1071673960809
1500,1239.9599500960421
1100,909.3039634037642
450,371.9879850288126
900,743.9759700576252
1162,960.5556413410673
1100,909.3039634037642
1600,1322.6239467691116
5852,4837.497085308026
900,743.9759700576252
5621,4646.543252993235
500,413.31998336534735
2000,1653.2799334613894
450,371.9879850288126
495,409.1867835316939
470,388.5207843634265
500,413.31998336534735
900,743.9759700576252
2200,1818.6079268075284
5865,4848.243404875525
800,661.3119733845558
650,537.3159783749516
200,165.32799334613895
5562,4597.771494956124
1000,826.6399667306947
1350,1115.9639550864379
1800,1487.9519401152504
820,677.8447727191697
2852,2357.5771851159416
1600,1322.6239467691116
1125,929.9699625720316
1350,1115.9639550864379
720,595.1807760461002
2700,2231.9279101728757
900,743.9759700576252
3600,2975.903880230501
800,661.3119733845558
1000,826.6399667306947
1800,1487.9519401152504
450,371.9879850288126
521,430.67942266669195
550,454.6519817018821
900,743.9759700576252
387,319.9096671247789
2522,2084.785996094812
6000,4959.8398003841685
2500,2066.5999168267367
450,371.9879850288126
900,743.9759700576252
400,330.6559866922779
860,710.9103713883975
2700,2231.9279101728757
542,448.03886196803654
400,330.6559866922779
1250,1033.2999584133684
6852,5664.13705203872
850,702.6439717210906
900,743.9759700576252
466,385.21422449650373
1250,1033.2999584133684
900,743.9759700576252
300,247.99199001920843
1950,1611.9479351248547
410,338.92238635958483
2700,2231.9279101728757
1500,1239.9599500960421
900,743.9759700576252
6251,5167.326432033573
1050,867.9719650672295
2851,2356.7505451492107
450,371.9879850288126
972,803.4940476622353
2100,1735.943930134459
1300,1074.631956749903
1600,1322.6239467691116
1400,1157.2959534229726
1000,826.6399667306947
950,785.30796839416
4500,3719.8798502881264
3150,2603.9158952016883
1655,1368.0891449392998
3232,2671.7003724736055
825,681.9779725528232
400,330.6559866922779
1200,991.9679600768337
600,495.98398003841686
2540,2099.6655154959644
2000,1653.2799334613894
1800,1487.9519401152504
5211,4307.620866633651
1132,935.7564423391465
5412,4473.77549994652
1200,991.9679600768337
910,752.2423697249322
1300,1074.631956749903
5412,4473.77549994652
5562,4597.771494956124
320,264.5247893538223
1900,1570.61593678832
400,330.6559866922779
6521,5390.51922305086
1595,1318.490746935458
1800,1487.9519401152504
750,619.9799750480211
600,495.98398003841686
6251,5167.326432033573
1000,826.6399667306947
5562,4597.771494956124
500,413.31998336534735
500,413.31998336534735
1600,1322.6239467691116
2000,1653.2799334613894
650,537.3159783749516
1100,909.3039634037642
1800,1487.9519401152504
3000,2479.9199001920842
2852,2357.5771851159416
2511,2075.6929564607744
1350,1115.9639550864379
6251,5167.326432033573
1500,1239.9599500960421
5562,4597.771494956124
680,562.1151773768725
350,289.32398835574315
1800,1487.9519401152504
1800,1487.9519401152504
450,371.9879850288126
2925,2417.921902687282
1000,826.6399667306947
6251,5167.326432033573
2741,2265.8201488088343
579,478.62454073707227
600,495.98398003841686
700,578.6479767114863
2105,1740.0771299681123
900,743.9759700576252
5521,4563.879256320166
900,743.9759700576252
2200,1818.6079268075284
1670,1380.4887444402602
400,330.6559866922779
1700,1405.2879434421811
1800,1487.9519401152504
2000,1653.2799334613894
1200,991.9679600768337
500,413.31998336534735
2700,2231.9279101728757
1123,928.3166826385702
550,454.6519817018821
2851,2356.7505451492107
7411,6126.228793441179
1200,991.9679600768337
1800,1487.9519401152504
1075,888.6379642354968
500,413.31998336534735
300,247.99199001920843
5521,4563.879256320166
5412,4473.77549994652
820,677.8447727191697
6251,5167.326432033573
350,289.32398835574315
453,374.4679049290047
600,495.98398003841686
850,702.6439717210906
1350,1115.9639550864379
1600,1322.6239467691116
400,330.6559866922779
1500,1239.9599500960421
500,413.31998336534735
700,578.6479767114863
4665,3856.275444798691
500,413.31998336534735
400,330.6559866922779
3600,2975.903880230501
800,661.3119733845558
5562,4597.771494956124
1100,909.3039634037642
4000,3306.559866922779
1150,950.635961740299
700,578.6479767114863
900,743.9759700576252
380,314.123187357664
1200,991.9679600768337
400,330.6559866922779
1700,1405.2879434421811
1300,1074.631956749903
1700,1405.2879434421811
6521,5390.51922305086
2852,2357.5771851159416
750,619.9799750480211
5562,4597.771494956124
5211,4307.620866633651
950,785.30796839416
6251,5167.326432033573
5211,4307.620866633651
1800,1487.9519401152504
1650,1363.9559451056464
850,702.6439717210906
5621,4646.543252993235
450,371.9879850288126
1350,1115.9639550864379
1780,1471.4191407806366
1000,826.6399667306947
6251,5167.326432033573
2200,1818.6079268075284
1000,826.6399667306947
600,495.98398003841686
570,471.184781036496
2856,2360.8837449828643
380,314.123187357664
9000,7439.759700576253
2000,1653.2799334613894
1800,1487.9519401152504
5562,4597.771494956124
5211,4307.620866633651
5211,4307.620866633651
1800,1487.9519401152504
250,206.65999168267368
1800,1487.9519401152504
1100,909.3039634037642
1752,1448.2732217121772
2852,2357.5771851159416
1125,929.9699625720316
600,495.98398003841686
1600,1322.6239467691116
1500,1239.9599500960421
1200,991.9679600768337
600,495.98398003841686
800,661.3119733845558
1200,991.9679600768337
1800,1487.9519401152504
1500,1239.9599500960421
6211,5134.260833364345
6521,5390.51922305086
1100,909.3039634037642
600,495.98398003841686
1800,1487.9519401152504
585,483.5843805374564
540,446.3855820345752
300,247.99199001920843
2700,2231.9279101728757
1100,909.3039634037642
1650,1363.9559451056464
400,330.6559866922779
4500,3719.8798502881264
3222,2663.4339728062982
235,194.26039218171326
1800,1487.9519401152504
500,413.31998336534735
1300,1074.631956749903
1500,1239.9599500960421
1800,1487.9519401152504
1100,909.3039634037642
5562,4597.771494956124
2700,2231.9279101728757
810,669.5783730518627
1500,1239.9599500960421
3600,2975.903880230501
650,537.3159783749516
850,702.6439717210906
950,785.30796839416
850,702.6439717210906
850,702.6439717210906
2855,2360.0571050161334
2500,2066.5999168267367
900,743.9759700576252
2200,1818.6079268075284
6521,5390.51922305086
550,454.6519817018821
4000,3306.559866922779
1800,1487.9519401152504
400,330.6559866922779
990,818.3735670633878
6521,5390.51922305086
3800,3141.23187357664
6251,5167.326432033573
1400,1157.2959534229726
1800,1487.9519401152504
500,413.31998336534735
2700,2231.9279101728757
2200,1818.6079268075284
550,454.6519817018821
1800,1487.9519401152504
1500,1239.9599500960421
2700,2231.9279101728757
5112,4225.783509927312
5562,4597.771494956124
2250,1859.9399251440632
5562,4597.771494956124
5562,4597.771494956124
1000,826.6399667306947
950,785.30796839416
6541,5407.052022385475
2500,2066.5999168267367
1500,1239.9599500960421
450,371.9879850288126
2856,2360.8837449828643
450,371.9879850288126
1800,1487.9519401152504
1750,1446.6199417787159
900,743.9759700576252
1800,1487.9519401152504
5211,4307.620866633651
550,454.6519817018821
600,495.98398003841686
1750,1446.6199417787159
2852,2357.5771851159416
2025,1673.945932629657
2856,2360.8837449828643
450,371.9879850288126
5211,4307.620866633651
2852,2357.5771851159416
1000,826.6399667306947
3621,2993.263319531846
550,454.6519817018821
2250,1859.9399251440632
1350,1115.9639550864379
890,735.7095703903183
1200,991.9679600768337
631,521.6098190070684
510,421.58638303265434
6521,5390.51922305086
6852,5664.13705203872
450,371.9879850288126
5211,4307.620866633651
660,545.5823780422585
2500,2066.5999168267367
2856,2360.8837449828643
550,454.6519817018821
1700,1405.2879434421811
466,385.21422449650373
582,481.1044606372643
650,537.3159783749516
550,454.6519817018821
550,454.6519817018821
5412,4473.77549994652
1550,1281.2919484325769
300,247.99199001920843
1250,1033.2999584133684
780,644.7791740499418
2700,2231.9279101728757
2200,1818.6079268075284
800,661.3119733845558
1100,909.3039634037642
2500,2066.5999168267367
900,743.9759700576252
700,578.6479767114863
6252,5168.153072000304
1125,929.9699625720316
2811,2323.684946479983
2700,2231.9279101728757
450,371.9879850288126
2741,2265.8201488088343
450,371.9879850288126
2000,1653.2799334613894
5211,4307.620866633651
900,743.9759700576252
450,371.9879850288126
1200,991.9679600768337
350,289.32398835574315
950,785.30796839416
2852,2357.5771851159416
1125,929.9699625720316
700,578.6479767114863
3000,2479.9199001920842
1800,1487.9519401152504
2600,2149.263913499806
451,372.81462499554334
1250,1033.2999584133684
1290,1066.3655570825963
4000,3306.559866922779
550,454.6519817018821
560,462.91838136918904
1800,1487.9519401152504
850,702.6439717210906
300,247.99199001920843
1800,1487.9519401152504
450,371.9879850288126
350,289.32398835574315
400,330.6559866922779
1300,1074.631956749903
6521,5390.51922305086
5562,4597.771494956124
2400,1983.9359201536674
370,305.85678769035707
1000,826.6399667306947
800,661.3119733845558
1050,867.9719650672295
2000,1653.2799334613894
1850,1529.2839384517852
2852,2357.5771851159416
1200,991.9679600768337
6521,5390.51922305086
1200,991.9679600768337
700,578.6479767114863
450,371.9879850288126
850,702.6439717210906
2350,1942.6039218171327
1800,1487.9519401152504
700,578.6479767114863
2000,1653.2799334613894
1700,1405.2879434421811
900,743.9759700576252
450,371.9879850288126
3600,2975.903880230501
1000,826.6399667306947
850,702.6439717210906
540,446.3855820345752
2351,1943.4305617838634
4000,3306.559866922779
1300,1074.631956749903
2700,2231.9279101728757
1200,991.9679600768337
1600,1322.6239467691116
1100,909.3039634037642
2700,2231.9279101728757
1100,909.3039634037642
950,785.30796839416
650,537.3159783749516
1800,1487.9519401152504
5562,4597.771494956124
9412,7780.335366869299
450,371.9879850288126
2852,2357.5771851159416
750,619.9799750480211
2430,2008.735119155588
900,743.9759700576252
950,785.30796839416
1350,1115.9639550864379
2852,2357.5771851159416
5211,4307.620866633651
5621,4646.543252993235
410,338.92238635958483
720,595.1807760461002
2985,2467.520300691124
1300,1074.631956749903
1500,1239.9599500960421
3000,2479.9199001920842
500,413.31998336534735
560,462.91838136918904
1350,1115.9639550864379
220,181.86079268075284
900,743.9759700576252
450,371.9879850288126
1000,826.6399667306947
1800,1487.9519401152504
2500,2066.5999168267367
2100,1735.943930134459
1650,1363.9559451056464
2856,2360.8837449828643
2852,2357.5771851159416
6251,5167.326432033573
1850,1529.2839384517852
2852,2357.5771851159416
754,623.2865349149438
850,702.6439717210906
450,371.9879850288126
450,371.9879850288126
1100,909.3039634037642
1800,1487.9519401152504
2200,1818.6079268075284
1200,991.9679600768337
1800,1487.9519401152504
1500,1239.9599500960421
2250,1859.9399251440632
512,423.2396629661157
1560,1289.5583480998837
5412,4473.77549994652
457,377.7744647959275
1500,1239.9599500960421
1650,1363.9559451056464
3621,2993.263319531846
1700,1405.2879434421811
4500,3719.8798502881264
1250,1033.2999584133684
3000,2479.9199001920842
6251,5167.326432033573
1800,1487.9519401152504
250,206.65999168267368
5541,4580.41205565478
400,330.6559866922779
1953,1614.4278550250467
5211,4307.620866633651
1600,1322.6239467691116
1100,909.3039634037642
1100,909.3039634037642
1100,909.3039634037642
550,454.6519817018821
2750,2273.2599085094107
600,495.98398003841686
1100,909.3039634037642
350,289.32398835574315
1100,909.3039634037642
300,247.99199001920843
1400,1157.2959534229726
580,479.45118070380295
2200,1818.6079268075284
1700,1405.2879434421811
250,206.65999168267368
5211,4307.620866633651
450,371.9879850288126
1100,909.3039634037642
2852,2357.5771851159416
700,578.6479767114863
900,743.9759700576252
941,777.8682086935837
200,165.32799334613895
2100,1735.943930134459
5211,4307.620866633651
450,371.9879850288126
400,330.6559866922779
2300,1901.271923480598
450,371.9879850288126
600,495.98398003841686
750,619.9799750480211
1100,909.3039634037642
2000,1653.2799334613894
3500,2893.2398835574318
4500,3719.8798502881264
1700,1405.2879434421811
5562,4597.771494956124
1600,1322.6239467691116
2700,2231.9279101728757
500,413.31998336534735
900,743.9759700576252
1600,1322.6239467691116
300,247.99199001920843
980,810.1071673960809
550,454.6519817018821
2300,1901.271923480598
450,371.9879850288126
4500,3719.8798502881264
780,644.7791740499418
1800,1487.9519401152504
640,529.0495787076446
8521,7043.79915651225
1000,826.6399667306947
2925,2417.921902687282
1200,991.9679600768337
200,165.32799334613895
900,743.9759700576252
550,454.6519817018821
1100,909.3039634037642
2852,2357.5771851159416
2522,2084.785996094812
1125,929.9699625720316
1750,1446.6199417787159
1200,991.9679600768337
2311,1910.3649631146354
5211,4307.620866633651
680,562.1151773768725
700,578.6479767114863
1700,1405.2879434421811
1250,1033.2999584133684
1700,1405.2879434421811
1000,826.6399667306947
1000,826.6399667306947
5562,4597.771494956124
1000,826.6399667306947
1800,1487.9519401152504
1400,1157.2959534229726
1060,876.2383647345364
1700,1405.2879434421811
430,355.45518569419875
2250,1859.9399251440632
1550,1281.2919484325769
6521,5390.51922305086
752,621.6332549814824
300,247.99199001920843
4500,3719.8798502881264
3600,2975.903880230501
700,578.6479767114863
2511,2075.6929564607744
900,743.9759700576252
2852,2357.5771851159416
1500,1239.9599500960421
600,495.98398003841686
500,413.31998336534735
5562,4597.771494956124
550,454.6519817018821
800,661.3119733845558
6251,5167.326432033573
1200,991.9679600768337
1000,826.6399667306947
5562,4597.771494956124
5211,4307.620866633651
2674,2210.4352710378776
1000,826.6399667306947
1600,1322.6239467691116
500,413.31998336534735
2150,1777.2759284709937
1800,1487.9519401152504
5621,4646.543252993235
1750,1446.6199417787159
5562,4597.771494956124
5211,4307.620866633651
750,619.9799750480211
4562,3771.1315282254295
620,512.5167793730308
440,363.7215853615057
550,454.6519817018821
600,495.98398003841686
1100,909.3039634037642
700,578.6479767114863
5621,4646.543252993235
5562,4597.771494956124
1000,826.6399667306947
1000,826.6399667306947
400,330.6559866922779
1000,826.6399667306947
6521,5390.51922305086
600,495.98398003841686
2800,2314.5919068459452
3621,2993.263319531846
500,413.31998336534735
1500,1239.9599500960421
1600,1322.6239467691116
2852,2357.5771851159416
950,785.30796839416
1245,1029.166758579715
3011,2489.012939826122
500,413.31998336534735
1700,1405.2879434421811
900,743.9759700576252
400,330.6559866922779
1500,1239.9599500960421
550,454.6519817018821
1900,1570.61593678832
850,702.6439717210906
1000,826.6399667306947
850,702.6439717210906
300,247.99199001920843
850,702.6439717210906
8521,7043.79915651225
8521,7043.79915651225
350,289.32398835574315
600,495.98398003841686
1800,1487.9519401152504
900,743.9759700576252
2700,2231.9279101728757
2852,2357.5771851159416
4523,3738.8925695229323
550,454.6519817018821
5561,4596.944854989393
550,454.6519817018821
2852,2357.5771851159416
5211,4307.620866633651
550,454.6519817018821
2856,2360.8837449828643
1000,826.6399667306947
500,413.31998336534735
4562,3771.1315282254295
565,467.0515812028425
5411,4472.94885997979
1000,826.6399667306947
1200,991.9679600768337
2000,1653.2799334613894
750,619.9799750480211
700,578.6479767114863
2852,2357.5771851159416
6251,5167.326432033573
6000,4959.8398003841685
1800,1487.9519401152504
620,512.5167793730308
600,495.98398003841686
6521,5390.51922305086
720,595.1807760461002
2352,1944.257201750594
401,331.4826266590086
2500,2066.5999168267367
1235,1020.900358912408
720,595.1807760461002
500,413.31998336534735
650,537.3159783749516
1750,1446.6199417787159
4500,3719.8798502881264
1350,1115.9639550864379
1800,1487.9519401152504
550,454.6519817018821
1600,1322.6239467691116
700,578.6479767114863
750,619.9799750480211
6521,5390.51922305086
400,330.6559866922779
1800,1487.9519401152504
1470,1215.1607510941212
900,743.9759700576252
415,343.0555861932383
1100,909.3039634037642
2600,2149.263913499806
1300,1074.631956749903
900,743.9759700576252
1500,1239.9599500960421
1300,1074.631956749903
1550,1281.2919484325769
850,702.6439717210906
510,421.58638303265434
1250,1033.2999584133684
260,214.92639134998063
6251,5167.326432033573
1000,826.6399667306947
400,330.6559866922779
550,454.6519817018821
1645,1359.8227452719927
550,454.6519817018821
400,330.6559866922779
2200,1818.6079268075284
310,256.2583896865154
500,413.31998336534735
2100,1735.943930134459
550,454.6519817018821
1800,1487.9519401152504
550,454.6519817018821
720,595.1807760461002
710,586.9143763787932
1300,1074.631956749903
900,743.9759700576252
900,743.9759700576252
910,752.2423697249322
370,305.85678769035707
350,289.32398835574315
500,413.31998336534735
2852,2357.5771851159416
1500,1239.9599500960421
2700,2231.9279101728757
990,818.3735670633878
891,736.536210357049
2856,2360.8837449828643
1000,826.6399667306947
500,413.31998336534735
800,661.3119733845558
5211,4307.620866633651
675,557.9819775432189
2856,2360.8837449828643
500,413.31998336534735
450,371.9879850288126
1685,1392.8883439412207
1000,826.6399667306947
2856,2360.8837449828643
1800,1487.9519401152504
1000,826.6399667306947
400,330.6559866922779
270,223.1927910172876
1800,1487.9519401152504
450,371.9879850288126
1500,1239.9599500960421
1750,1446.6199417787159
400,330.6559866922779
500,413.31998336534735
750,619.9799750480211
450,371.9879850288126
1300,1074.631956749903
1300,1074.631956749903
2000,1653.2799334613894
750,619.9799750480211
5211,4307.620866633651
400,330.6559866922779
800,661.3119733845558
2012,1663.1996130621578
450,371.9879850288126
610,504.2503797057238
1000,826.6399667306947
550,454.6519817018821
750,619.9799750480211
8521,7043.79915651225
1200,991.9679600768337
950,785.30796839416
550,454.6519817018821
5211,4307.620866633651
950,785.30796839416
200,165.32799334613895
1500,1239.9599500960421
680,562.1151773768725
600,495.98398003841686
900,743.9759700576252
1800,1487.9519401152504
520,429.85278269996127
6854,5665.790331972182
750,619.9799750480211
5211,4307.620866633651
660,545.5823780422585
1800,1487.9519401152504
800,661.3119733845558
5211,4307.620866633651
1000,826.6399667306947
800,661.3119733845558
2856,2360.8837449828643
1800,1487.9519401152504
950,785.30796839416
1700,1405.2879434421811
2000,1653.2799334613894
600,495.98398003841686
1800,1487.9519401152504
1100,909.3039634037642
1500,1239.9599500960421
850,702.6439717210906
2285,1888.8723239796375
5562,4597.771494956124
650,537.3159783749516
650,537.3159783749516
450,371.9879850288126
1100,909.3039634037642
5221,4315.887266300957
2700,2231.9279101728757
450,371.9879850288126
2020,1669.8127327960033
2000,1653.2799334613894
900,743.9759700576252
300,247.99199001920843
2000,1653.2799334613894
550,454.6519817018821
455,376.1211848624661
280,231.45919068459452
1125,929.9699625720316
6852,5664.13705203872
4000,3306.559866922779
640,529.0495787076446
1070,884.5047644018433
5562,4597.771494956124
5211,4307.620866633651
1800,1487.9519401152504
2700,2231.9279101728757
1000,826.6399667306947
350,289.32398835574315
600,495.98398003841686
150,123.99599500960421
1600,1322.6239467691116
2852,2357.5771851159416
600,495.98398003841686
680,562.1151773768725
1800,1487.9519401152504
4621,3819.9032862625404
310,256.2583896865154
400,330.6559866922779
750,619.9799750480211
1550,1281.2919484325769
450,371.9879850288126
2450,2025.2679184902022
980,810.1071673960809
900,743.9759700576252
535,442.25238220092166
1200,991.9679600768337
1250,1033.2999584133684
3600,2975.903880230501
900,743.9759700576252
5562,4597.771494956124
450,371.9879850288126
1450,1198.6279517595074
5621,4646.543252993235
750,619.9799750480211
1849,1528.4572984850545
6521,5390.51922305086
650,537.3159783749516
6521,5390.51922305086
200,165.32799334613895
3600,2975.903880230501
2070,1711.144731132538
1200,991.9679600768337
368,304.20350775689565
2400,1983.9359201536674
550,454.6519817018821
680,562.1151773768725
1900,1570.61593678832
4000,3306.559866922779
1000,826.6399667306947
1800,1487.9519401152504
900,743.9759700576252
500,413.31998336534735
400,330.6559866922779
900,743.9759700576252
1800,1487.9519401152504
450,371.9879850288126
500,413.31998336534735
2100,1735.943930134459
1000,826.6399667306947
850,702.6439717210906
900,743.9759700576252
500,413.31998336534735
4500,3719.8798502881264
449,371.1613450620819
2700,2231.9279101728757
2852,2357.5771851159416
2200,1818.6079268075284
1350,1115.9639550864379
200,165.32799334613895
900,743.9759700576252
1125,929.9699625720316
2856,2360.8837449828643
1100,909.3039634037642
3500,2893.2398835574318
1950,1611.9479351248547
1800,1487.9519401152504
1900,1570.61593678832
5521,4563.879256320166
300,247.99199001920843
1000,826.6399667306947
1650,1363.9559451056464
500,413.31998336534735
600,495.98398003841686
2700,2231.9279101728757
1400,1157.2959534229726
2600,2149.263913499806
425,351.3219858605453
900,743.9759700576252
750,619.9799750480211
4521,3737.239289589471
1000,826.6399667306947
450,371.9879850288126
1800,1487.9519401152504
1150,950.635961740299
700,578.6479767114863
540,446.3855820345752
1000,826.6399667306947
650,537.3159783749516
1350,1115.9639550864379
850,702.6439717210906
1000,826.6399667306947
900,743.9759700576252
450,371.9879850288126
1500,1239.9599500960421
600,495.98398003841686
4000,3306.559866922779
500,413.31998336534735
1500,1239.9599500960421
500,413.31998336534735
5562,4597.771494956124
2000,1653.2799334613894
1350,1115.9639550864379
1000,826.6399667306947
2711,2241.0209498069134
1800,1487.9519401152504
1100,909.3039634037642
550,454.6519817018821
3600,2975.903880230501
1200,991.9679600768337
4500,3719.8798502881264
5852,4837.497085308026
980,810.1071673960809
1350,1115.9639550864379
1500,1239.9599500960421
1100,909.3039634037642
760,628.246374715328
800,661.3119733845558
850,702.6439717210906
900,743.9759700576252
1800,1487.9519401152504
500,413.31998336534735
250,206.65999168267368
1700,1405.2879434421811
500,413.31998336534735
5562,4597.771494956124
1700,1405.2879434421811
260,214.92639134998063
1800,1487.9519401152504
5412,4473.77549994652
500,413.31998336534735
6521,5390.51922305086
550,454.6519817018821
1000,826.6399667306947
750,619.9799750480211
550,454.6519817018821
900,743.9759700576252
5211,4307.620866633651
750,619.9799750480211
1800,1487.9519401152504
5621,4646.543252993235
550,454.6519817018821
400,330.6559866922779
2856,2360.8837449828643
450,371.9879850288126
5562,4597.771494956124
850,702.6439717210906
1250,1033.2999584133684
1200,991.9679600768337
5852,4837.497085308026
650,537.3159783749516
1700,1405.2879434421811
2856,2360.8837449828643
1500,1239.9599500960421
448,370.33470509535124
2852,2357.5771851159416
1400,1157.2959534229726
2250,1859.9399251440632
301,248.8186299859391
7000,5786.4797671148635
500,413.31998336534735
1350,1115.9639550864379
6521,5390.51922305086
5562,4597.771494956124
2674,2210.4352710378776
8000,6613.119733845558
1080,892.7711640691504
2856,2360.8837449828643
1050,867.9719650672295
1450,1198.6279517595074
200,165.32799334613895
400,330.6559866922779
1800,1487.9519401152504
1800,1487.9519401152504
5852,4837.497085308026
2400,1983.9359201536674
820,677.8447727191697
1100,909.3039634037642
6521,5390.51922305086
1350,1115.9639550864379
5211,4307.620866633651
800,661.3119733845558
2250,1859.9399251440632
1700,1405.2879434421811
1650,1363.9559451056464
550,454.6519817018821
550,454.6519817018821
550,454.6519817018821
1800,1487.9519401152504
800,661.3119733845558
800,661.3119733845558
250,206.65999168267368
4500,3719.8798502881264
970,801.8407677287739
247,204.1800717824816
5856,4840.8036451749485
900,743.9759700576252
1500,1239.9599500960421
500,413.31998336534735
900,743.9759700576252
2970,2455.1207011901633
2311,1910.3649631146354
500,413.31998336534735
600,495.98398003841686
5211,4307.620866633651
4500,3719.8798502881264
3011,2489.012939826122
1950,1611.9479351248547
1200,991.9679600768337
910,752.2423697249322
350,289.32398835574315
5621,4646.543252993235
400,330.6559866922779
4500,3719.8798502881264
900,743.9759700576252
5211,4307.620866633651
5000,4133.199833653473
450,371.9879850288126
1800,1487.9519401152504
890,735.7095703903183
5562,4597.771494956124
581,480.27782067053363
960,793.5743680614669
2200,1818.6079268075284
5562,4597.771494956124
1800,1487.9519401152504
1480,1223.4271507614283
1600,1322.6239467691116
5211,4307.620866633651
1125,929.9699625720316
1000,826.6399667306947
2852,2357.5771851159416
1100,909.3039634037642
290,239.72559035190147
4521,3737.239289589471
2100,1735.943930134459
4000,3306.559866922779
550,454.6519817018821
1250,1033.2999584133684
550,454.6519817018821
650,537.3159783749516
7411,6126.228793441179
1000,826.6399667306947
7144,5905.5159223240835
1700,1405.2879434421811
1800,1487.9519401152504
5500,4546.519817018821
1800,1487.9519401152504
750,619.9799750480211
2852,2357.5771851159416
700,578.6479767114863
150,123.99599500960421
5562,4597.771494956124
1600,1322.6239467691116
1400,1157.2959534229726
550,454.6519817018821
1000,826.6399667306947
2520,2083.132716161351
1650,1363.9559451056464
5211,4307.620866633651
1800,1487.9519401152504
550,454.6519817018821
3011,2489.012939826122
800,661.3119733845558
1300,1074.631956749903
650,537.3159783749516
900,743.9759700576252
600,495.98398003841686
1000,826.6399667306947
700,578.6479767114863
1100,909.3039634037642
2000,1653.2799334613894
5562,4597.771494956124
1125,929.9699625720316
301,248.8186299859391
2852,2357.5771851159416
1500,1239.9599500960421
1250,1033.2999584133684
1500,1239.9599500960421
1000,826.6399667306947
600,495.98398003841686
1125,929.9699625720316
900,743.9759700576252
2852,2357.5771851159416
660,545.5823780422585
500,413.31998336534735
8521,7043.79915651225
3200,2645.2478935382233
6251,5167.326432033573
2250,1859.9399251440632
2856,2360.8837449828643
6251,5167.326432033573
850,702.6439717210906
900,743.9759700576252
2852,2357.5771851159416
550,454.6519817018821
2511,2075.6929564607744
425,351.3219858605453
900,743.9759700576252
950,785.30796839416
950,785.30796839416
1900,1570.61593678832
2852,2357.5771851159416
950,785.30796839416
1550,1281.2919484325769
1750,1446.6199417787159
750,619.9799750480211
1100,909.3039634037642
300,247.99199001920843
2000,1653.2799334613894
780,644.7791740499418
1350,1115.9639550864379
1200,991.9679600768337
800,661.3119733845558
600,495.98398003841686
2830,2339.391105847866
1350,1115.9639550864379
1750,1446.6199417787159
3600,2975.903880230501
700,578.6479767114863
1900,1570.61593678832
1600,1322.6239467691116
880,727.4431707230113
850,702.6439717210906
5200,4298.527826999612
965,797.7075678951204
1800,1487.9519401152504
1100,909.3039634037642
1650,1363.9559451056464
1800,1487.9519401152504
1000,826.6399667306947
1300,1074.631956749903
1650,1363.9559451056464
1872,1547.4700177198606
500,413.31998336534735
580,479.45118070380295
800,661.3119733845558
1850,1529.2839384517852
5000,4133.199833653473
458,378.60110476265817
450,371.9879850288126
540,446.3855820345752
5621,4646.543252993235
1150,950.635961740299
550,454.6519817018821
2352,1944.257201750594
1752,1448.2732217121772
400,330.6559866922779
8521,7043.79915651225
467,386.0408644632344
450,371.9879850288126
5541,4580.41205565478
1100,909.3039634037642
1600,1322.6239467691116
2541,2100.4921554626953
1500,1239.9599500960421
623,514.9966992732228
1700,1405.2879434421811
810,669.5783730518627
600,495.98398003841686
1700,1405.2879434421811
450,371.9879850288126
550,454.6519817018821
5562,4597.771494956124
1700,1405.2879434421811
900,743.9759700576252
1000,826.6399667306947
1000,826.6399667306947
500,413.31998336534735
4500,3719.8798502881264
2854,2359.230465049403
8521,7043.79915651225
900,743.9759700576252
720,595.1807760461002
178,147.14191407806365
2100,1735.943930134459
2200,1818.6079268075284
550,454.6519817018821
5211,4307.620866633651
2852,2357.5771851159416
450,371.9879850288126
750,619.9799750480211
5211,4307.620866633651
5621,4646.543252993235
850,702.6439717210906
150,123.99599500960421
500,413.31998336534735
5621,4646.543252993235
5562,4597.771494956124
900,743.9759700576252
5211,4307.620866633651
2950,2438.5879018555493
450,371.9879850288126
4500,3719.8798502881264
800,661.3119733845558
600,495.98398003841686
450,371.9879850288126
1250,1033.2999584133684
660,545.5823780422585
900,743.9759700576252
250,206.65999168267368
800,661.3119733845558
1250,1033.2999584133684
5624,4649.023172893427
1100,909.3039634037642
2100,1735.943930134459
1000,826.6399667306947
2600,2149.263913499806
650,537.3159783749516
450,371.9879850288126
1800,1487.9519401152504
6521,5390.51922305086
2852,2357.5771851159416
450,371.9879850288126
850,702.6439717210906
2674,2210.4352710378776
300,247.99199001920843
1800,1487.9519401152504
800,661.3119733845558
5521,4563.879256320166
4000,3306.559866922779
2925,2417.921902687282
1600,1322.6239467691116
250,206.65999168267368
2851,2356.7505451492107
750,619.9799750480211
1500,1239.9599500960421
1000,826.6399667306947
5400,4463.855820345751
500,413.31998336534735
5562,4597.771494956124
630,520.7831790403377
5211,4307.620866633651
500,413.31998336534735
600,495.98398003841686
5412,4473.77549994652
600,495.98398003841686
500,413.31998336534735
900,743.9759700576252
400,330.6559866922779
150,123.99599500960421
700,578.6479767114863
2100,1735.943930134459
200,165.32799334613895
500,413.31998336534735
890,735.7095703903183
1290,1066.3655570825963
5562,4597.771494956124
1000,826.6399667306947
5621,4646.543252993235
5412,4473.77549994652
450,371.9879850288126
1700,1405.2879434421811
1000,826.6399667306947
1400,1157.2959534229726
900,743.9759700576252
1872,1547.4700177198606
528,436.46590243380683
1800,1487.9519401152504
2000,1653.2799334613894
215,177.72759284709937
1500,1239.9599500960421
1600,1322.6239467691116
900,743.9759700576252
500,413.31998336534735
1600,1322.6239467691116
1110,917.5703630710711
5562,4597.771494956124
950,785.30796839416
1400,1157.2959534229726
350,289.32398835574315
1000,826.6399667306947
400,330.6559866922779
900,743.9759700576252
1265,1045.6995579143288
1700,1405.2879434421811
3000,2479.9199001920842
5562,4597.771494956124
1000,826.6399667306947
590,487.7175803711099
1200,991.9679600768337
500,413.31998336534735
1800,1487.9519401152504
2000,1653.2799334613894
2852,2357.5771851159416
5856,4840.8036451749485
2800,2314.5919068459452
1080,892.7711640691504
670,553.8487777095655
301,248.8186299859391
200,165.32799334613895
900,743.9759700576252
1350,1115.9639550864379
2000,1653.2799334613894
902,745.6292499910867
10000,8266.399667306947
5562,4597.771494956124
5211,4307.620866633651
1700,1405.2879434421811
1000,826.6399667306947
600,495.98398003841686
900,743.9759700576252
2351,1943.4305617838634
1700,1405.2879434421811
660,545.5823780422585
5523,4565.532536253627
800,661.3119733845558
1200,991.9679600768337
5569,4603.557974723239
2500,2066.5999168267367
1100,909.3039634037642
500,413.31998336534735
5562,4597.771494956124
800,661.3119733845558
1600,1322.6239467691116
600,495.98398003841686
750,619.9799750480211
1600,1322.6239467691116
700,578.6479767114863
900,743.9759700576252
922,762.1620493257005
1700,1405.2879434421811
900,743.9759700576252
5211,4307.620866633651
900,743.9759700576252
950,785.30796839416
1250,1033.2999584133684
1200,991.9679600768337
5523,4565.532536253627
4500,3719.8798502881264
6521,5390.51922305086
1700,1405.2879434421811
1150,950.635961740299
850,702.6439717210906
1350,1115.9639550864379
1000,826.6399667306947
3001,2480.7465401588147
850,702.6439717210906
700,578.6479767114863
500,413.31998336534735
2511,2075.6929564607744
500,413.31998336534735
1200,991.9679600768337
3600,2975.903880230501
1800,1487.9519401152504
1700,1405.2879434421811
1782,1473.072420714098
450,371.9879850288126
1440,1190.3615520922003
1750,1446.6199417787159
1500,1239.9599500960421
2852,2357.5771851159416
450,371.9879850288126
5000,4133.199833653473
500,413.31998336534735
5562,4597.771494956124
5562,4597.771494956124
1750,1446.6199417787159
600,495.98398003841686
5621,4646.543252993235
600,495.98398003841686
5521,4563.879256320166
450,371.9879850288126
2856,2360.8837449828643
3250,2686.579891874758
2852,2357.5771851159416
380,314.123187357664
900,743.9759700576252
900,743.9759700576252
2000,1653.2799334613894
2985,2467.520300691124
650,537.3159783749516
650,537.3159783749516
800,661.3119733845558
2500,2066.5999168267367
900,743.9759700576252
2100,1735.943930134459
451,372.81462499554334
4239,3504.126818971415
1000,826.6399667306947
5562,4597.771494956124
500,413.31998336534735
620,512.5167793730308
651,538.1426183416822
1000,826.6399667306947
700,578.6479767114863
1650,1363.9559451056464
1800,1487.9519401152504
890,735.7095703903183
5523,4565.532536253627
1900,1570.61593678832
5412,4473.77549994652
4000,3306.559866922779
650,537.3159783749516
1900,1570.61593678832
450,371.9879850288126
1600,1322.6239467691116
1800,1487.9519401152504
1400,1157.2959534229726
645,533.1827785412981
2000,1653.2799334613894
660,545.5823780422585
1200,991.9679600768337
1500,1239.9599500960421
800,661.3119733845558
296,244.68543015228565
2000,1653.2799334613894
900,743.9759700576252
820,677.8447727191697
1600,1322.6239467691116
5562,4597.771494956124
2100,1735.943930134459
2200,1818.6079268075284
450,371.9879850288126
300,247.99199001920843
2000,1653.2799334613894
900,743.9759700576252
3600,2975.903880230501
1700,1405.2879434421811
2400,1983.9359201536674
2000,1653.2799334613894
900,743.9759700576252
2000,1653.2799334613894
900,743.9759700576252
451,372.81462499554334
450,371.9879850288126
900,743.9759700576252
5562,4597.771494956124
5862,4845.763484975332
850,702.6439717210906
1050,867.9719650672295
450,371.9879850288126
1080,892.7711640691504
5211,4307.620866633651
650,537.3159783749516
900,743.9759700576252
1000,826.6399667306947
3600,2975.903880230501
3001,2480.7465401588147
900,743.9759700576252
1800,1487.9519401152504
8521,7043.79915651225
3600,2975.903880230501
1125,929.9699625720316
6521,5390.51922305086
1800,1487.9519401152504
1600,1322.6239467691116
1050,867.9719650672295
610,504.2503797057238
600,495.98398003841686
4500,3719.8798502881264
700,578.6479767114863
550,454.6519817018821
500,413.31998336534735
550,454.6519817018821
1125,929.9699625720316
2000,1653.2799334613894
1700,1405.2879434421811
990,818.3735670633878
900,743.9759700576252
900,743.9759700576252
1700,1405.2879434421811
9000,7439.759700576253
220,181.86079268075284
3621,2993.263319531846
2852,2357.5771851159416
1600,1322.6239467691116
1000,826.6399667306947
450,371.9879850288126
3621,2993.263319531846
1800,1487.9519401152504
415,343.0555861932383
3200,2645.2478935382233
5852,4837.497085308026
1250,1033.2999584133684
500,413.31998336534735
780,644.7791740499418
2985,2467.520300691124
1200,991.9679600768337
2000,1653.2799334613894
2000,1653.2799334613894
5562,4597.771494956124
300,247.99199001920843
900,743.9759700576252
1152,952.2892416737603
5211,4307.620866633651
1100,909.3039634037642
455,376.1211848624661
3150,2603.9158952016883
2852,2357.5771851159416
450,371.9879850288126
750,619.9799750480211
1000,826.6399667306947
1900,1570.61593678832
2350,1942.6039218171327
800,661.3119733845558
1800,1487.9519401152504
900,743.9759700576252
900,743.9759700576252
500,413.31998336534735
1200,991.9679600768337
1150,950.635961740299
2450,2025.2679184902022
6521,5390.51922305086
980,810.1071673960809
2100,1735.943930134459
380,314.123187357664
2852,2357.5771851159416
550,454.6519817018821
800,661.3119733845558
5211,4307.620866633651
2300,1901.271923480598
1600,1322.6239467691116
450,371.9879850288126
940,777.041568726853
250,206.65999168267368
1600,1322.6239467691116
1200,991.9679600768337
1800,1487.9519401152504
1290,1066.3655570825963
5621,4646.543252993235
7411,6126.228793441179
1000,826.6399667306947
600,495.98398003841686
850,702.6439717210906
1300,1074.631956749903
1100,909.3039634037642
610,504.2503797057238
1450,1198.6279517595074
2856,2360.8837449828643
650,537.3159783749516
2500,2066.5999168267367
550,454.6519817018821
4122,3407.409942863924
6521,5390.51922305086
3000,2479.9199001920842
5211,4307.620866633651
1200,991.9679600768337
3011,2489.012939826122
1200,991.9679600768337
6521,5390.51922305086
2500,2066.5999168267367
1800,1487.9519401152504
1500,1239.9599500960421
800,661.3119733845558
160,132.26239467691116
2300,1901.271923480598
1400,1157.2959534229726
1750,1446.6199417787159
2100,1735.943930134459
1700,1405.2879434421811
2852,2357.5771851159416
6251,5167.326432033573
350,289.32398835574315
450,371.9879850288126
1050,867.9719650672295
5562,4597.771494956124
400,330.6559866922779
400,330.6559866922779
5821,4811.871246339374
850,702.6439717210906
9854,8145.710232164266
6251,5167.326432033573
2700,2231.9279101728757
1800,1487.9519401152504
1800,1487.9519401152504
1700,1405.2879434421811
1350,1115.9639550864379
1450,1198.6279517595074
250,206.65999168267368
360,297.5903880230501
1000,826.6399667306947
2200,1818.6079268075284
900,743.9759700576252
5562,4597.771494956124
5211,4307.620866633651
900,743.9759700576252
5400,4463.855820345751
6200,5125.1677937303075
5412,4473.77549994652
400,330.6559866922779
6521,5390.51922305086
2250,1859.9399251440632
1400,1157.2959534229726
6521,5390.51922305086
450,371.9879850288126
450,371.9879850288126
600,495.98398003841686
800,661.3119733845558
900,743.9759700576252
1000,826.6399667306947
1800,1487.9519401152504
700,578.6479767114863
1100,909.3039634037642
600,495.98398003841686
560,462.91838136918904
1350,1115.9639550864379
5211,4307.620866633651
5211,4307.620866633651
1658,1370.5690648394918
500,413.31998336534735
5211,4307.620866633651
750,619.9799750480211
5211,4307.620866633651
700,578.6479767114863
5211,4307.620866633651
550,454.6519817018821
700,578.6479767114863
4500,3719.8798502881264
1200,991.9679600768337
5400,4463.855820345751
900,743.9759700576252
5562,4597.771494956124
4621,3819.9032862625404
680,562.1151773768725
1800,1487.9519401152504
900,743.9759700576252
1700,1405.2879434421811
1800,1487.9519401152504
1500,1239.9599500960421
1100,909.3039634037642
3000,2479.9199001920842
2852,2357.5771851159416
2856,2360.8837449828643
515,425.7195828663078
1150,950.635961740299
1150,950.635961740299
1700,1405.2879434421811
860,710.9103713883975
2700,2231.9279101728757
900,743.9759700576252
5562,4597.771494956124
584,482.75774057072573
2952,2440.2411817890106
5211,4307.620866633651
6521,5390.51922305086
900,743.9759700576252
400,330.6559866922779
900,743.9759700576252
450,371.9879850288126
6521,5390.51922305086
2852,2357.5771851159416
5445,4501.054618848633
2856,2360.8837449828643
5562,4597.771494956124
550,454.6519817018821
780,644.7791740499418
1400,1157.2959534229726
5562,4597.771494956124
2856,2360.8837449828643
500,413.31998336534735
680,562.1151773768725
450,371.9879850288126
900,743.9759700576252
630,520.7831790403377
550,454.6519817018821
500,413.31998336534735
2852,2357.5771851159416
1000,826.6399667306947
550,454.6519817018821
2200,1818.6079268075284
1700,1405.2879434421811
1850,1529.2839384517852
5211,4307.620866633651
800,661.3119733845558
500,413.31998336534735
4562,3771.1315282254295
500,413.31998336534735
1700,1405.2879434421811
5211,4307.620866633651
5400,4463.855820345751
2000,1653.2799334613894
550,454.6519817018821
1100,909.3039634037642
1200,991.9679600768337
2652,2192.2491917698026
1200,991.9679600768337
6521,5390.51922305086
2856,2360.8837449828643
5211,4307.620866633651
5562,4597.771494956124
2000,1653.2799334613894
2400,1983.9359201536674
1550,1281.2919484325769
300,247.99199001920843
1350,1115.9639550864379
850,702.6439717210906
550,454.6519817018821
2200,1818.6079268075284
600,495.98398003841686
800,661.3119733845558
2200,1818.6079268075284
300,247.99199001920843
1200,991.9679600768337
5562,4597.771494956124
500,413.31998336534735
600,495.98398003841686
720,595.1807760461002
1500,1239.9599500960421
1500,1239.9599500960421
700,578.6479767114863
5000,4133.199833653473
1000,826.6399667306947
2321,1918.6313627819425
2852,2357.5771851159416
1000,826.6399667306947
1100,909.3039634037642
5111,4224.956869960581
600,495.98398003841686
1700,1405.2879434421811
450,371.9879850288126
2150,1777.2759284709937
1900,1570.61593678832
1800,1487.9519401152504
5412,4473.77549994652
891,736.536210357049
389,321.56294705824024
250,206.65999168267368
2250,1859.9399251440632
1200,991.9679600768337
950,785.30796839416
2000,1653.2799334613894
590,487.7175803711099
5622,4647.369892959966
1700,1405.2879434421811
300,247.99199001920843
300,247.99199001920843
1800,1487.9519401152504
600,495.98398003841686
5412,4473.77549994652
585,483.5843805374564
2852,2357.5771851159416
5211,4307.620866633651
6521,5390.51922305086
900,743.9759700576252
401,331.4826266590086
500,413.31998336534735
1800,1487.9519401152504
600,495.98398003841686
5010,4141.466233320781
600,495.98398003841686
900,743.9759700576252
1400,1157.2959534229726
550,454.6519817018821
1000,826.6399667306947
5562,4597.771494956124
3000,2479.9199001920842
700,578.6479767114863
3222,2663.4339728062982
450,371.9879850288126
1400,1157.2959534229726
550,454.6519817018821
500,413.31998336534735
2700,2231.9279101728757
1400,1157.2959534229726
892,737.3628503237798
1100,909.3039634037642
5211,4307.620866633651
1000,826.6399667306947
1300,1074.631956749903
325,268.6579891874758
500,413.31998336534735
900,743.9759700576252
2150,1777.2759284709937
450,371.9879850288126
1550,1281.2919484325769
1000,826.6399667306947
6010,4968.106200051476
1150,950.635961740299
2856,2360.8837449828643
2852,2357.5771851159416
6521,5390.51922305086
6521,5390.51922305086
1150,950.635961740299
1500,1239.9599500960421
1800,1487.9519401152504
5211,4307.620866633651
5211,4307.620866633651
5211,4307.620866633651
600,495.98398003841686
1000,826.6399667306947
1200,991.9679600768337
1500,1239.9599500960421
1400,1157.2959534229726
650,537.3159783749516
900,743.9759700576252
1250,1033.2999584133684
1650,1363.9559451056464
1800,1487.9519401152504
1400,1157.2959534229726
1400,1157.2959534229726
450,371.9879850288126
900,743.9759700576252
1800,1487.9519401152504
1666,1377.1821845733375
1500,1239.9599500960421
600,495.98398003841686
950,785.30796839416
2200,1818.6079268075284
2200,1818.6079268075284
610,504.2503797057238
720,595.1807760461002
620,512.5167793730308
5211,4307.620866633651
850,702.6439717210906
900,743.9759700576252
900,743.9759700576252
1100,909.3039634037642
700,578.6479767114863
1000,826.6399667306947
1150,950.635961740299
2000,1653.2799334613894
5562,4597.771494956124
6854,5665.790331972182
579,478.62454073707227
2000,1653.2799334613894
1400,1157.2959534229726
930,768.7751690595461
2000,1653.2799334613894
2150,1777.2759284709937
7000,5786.4797671148635
280,231.45919068459452
1350,1115.9639550864379
5621,4646.543252993235
850,702.6439717210906
1000,826.6399667306947
1185,979.5683605758733
4000,3306.559866922779
700,578.6479767114863
360,297.5903880230501
1872,1547.4700177198606
3500,2893.2398835574318
2100,1735.943930134459
1250,1033.2999584133684
1000,826.6399667306947
550,454.6519817018821
1000,826.6399667306947
2300,1901.271923480598
458,378.60110476265817
5852,4837.497085308026
1100,909.3039634037642
1250,1033.2999584133684
1200,991.9679600768337
550,454.6519817018821
1000,826.6399667306947
700,578.6479767114863
500,413.31998336534735
700,578.6479767114863
1500,1239.9599500960421
2741,2265.8201488088343
5562,4597.771494956124
2856,2360.8837449828643
1800,1487.9519401152504
3000,2479.9199001920842
5852,4837.497085308026
1350,1115.9639550864379
750,619.9799750480211
3000,2479.9199001920842
2000,1653.2799334613894
400,330.6559866922779
750,619.9799750480211
900,743.9759700576252
750,619.9799750480211
471,389.3474243301572
450,371.9879850288126
3600,2975.903880230501
2852,2357.5771851159416
1620,1339.1567461037255
5211,4307.620866633651
2500,2066.5999168267367
600,495.98398003841686
800,661.3119733845558
900,743.9759700576252
1550,1281.2919484325769
1200,991.9679600768337
1000,826.6399667306947
3400,2810.5758868843623
500,413.31998336534735
350,289.32398835574315
900,743.9759700576252
2700,2231.9279101728757
150,123.99599500960421
406,335.61582649266205
1800,1487.9519401152504
1300,1074.631956749903
1125,929.9699625720316
450,371.9879850288126
850,702.6439717210906
550,454.6519817018821
200,165.32799334613895
500,413.31998336534735
2250,1859.9399251440632
1200,991.9679600768337
1652,1365.6092250391077
3251,2687.4065318414887
2352,1944.257201750594
850,702.6439717210906
650,537.3159783749516
1800,1487.9519401152504
750,619.9799750480211
850,702.6439717210906
5216,4311.754066467303
550,454.6519817018821
1300,1074.631956749903
900,743.9759700576252
650,537.3159783749516
1500,1239.9599500960421
1150,950.635961740299
350,289.32398835574315
2766,2286.4861479771016
320,264.5247893538223
450,371.9879850288126
5411,4472.94885997979
1500,1239.9599500960421
5211,4307.620866633651
650,537.3159783749516
2500,2066.5999168267367
600,495.98398003841686
3000,2479.9199001920842
6852,5664.13705203872
2852,2357.5771851159416
3000,2479.9199001920842
311,257.08502965324607
699,577.8213367447556
428,353.8019057607373
1800,1487.9519401152504
1800,1487.9519401152504
450,371.9879850288126
900,743.9759700576252
165,136.39559451056462
400,330.6559866922779
550,454.6519817018821
400,330.6559866922779
1700,1405.2879434421811
1300,1074.631956749903
3011,2489.012939826122
2700,2231.9279101728757
1200,991.9679600768337
1000,826.6399667306947
1300,1074.631956749903
1800,1487.9519401152504
755,624.1131748816745
540,446.3855820345752
500,413.31998336534735
650,537.3159783749516
500,413.31998336534735
450,371.9879850288126
2852,2357.5771851159416
1800,1487.9519401152504
2856,2360.8837449828643
650,537.3159783749516
550,454.6519817018821
300,247.99199001920843
3622,2994.0899594985763
500,413.31998336534735
1700,1405.2879434421811
3251,2687.4065318414887
720,595.1807760461002
